{"val_loss": [7.082169055938721, 7.076573371887207, 7.074051380157471], "loss": [7.101518117464506, 7.080927023520837, 7.075064475719746]}